{
  "Norway/2192/2025": {
    "frequencies": [
      0.047628,
      0.059495,
      0.074005,
      0.091708,
      0.113129,
      0.138934,
      0.16933,
      0.204793,
      0.245488,
      0.29156,
      0.342079,
      0.396741,
      0.454097,
      0.512357,
      0.57048,
      0.626429,
      0.678384,
      0.724107,
      0.7598,
      0.778523,
      0.765093,
      0.695055,
      0.551297,
      0.360727,
      0.194493,
      0.091085,
      0.039316,
      0.016321,
      0.006576,
      0.002602,
      0.001014,
      0.000391,
      0.000148,
      5.5e-05,
      2e-05,
      7e-06,
      3e-06,
      1e-06,
      0.0,
      0.0,
      0.0,
      0.0,
      0.0,
      0.0,
      0.0,
      0.0,
      0.0,
      0.0,
      0.0,
      0.0,
      0.0,
      0.0,
      0.0
    ]
  },
  "Norway/26/2025": {
    "frequencies": [
      0.952372,
      0.940505,
      0.925995,
      0.908292,
      0.886871,
      0.861065,
      0.83067,
      0.795207,
      0.754511,
      0.708437,
      0.657913,
      0.603236,
      0.545842,
      0.487484,
      0.429107,
      0.372508,
      0.318916,
      0.269117,
      0.223516,
      0.181058,
      0.140669,
      0.101028,
      0.063428,
      0.03281,
      0.013985,
      0.005178,
      0.001767,
      0.000581,
      0.000185,
      5.8e-05,
      1.8e-05,
      5e-06,
      2e-06,
      0.0,
      0.0,
      0.0,
      0.0,
      0.0,
      0.0,
      0.0,
      0.0,
      0.0,
      0.0,
      0.0,
      0.0,
      0.0,
      0.0,
      0.0,
      0.0,
      0.0,
      0.0,
      0.0,
      0.0
    ]
  },
  "Norway/7265/2025": {
    "frequencies": [
      0.0,
      0.0,
      0.0,
      0.0,
      0.0,
      0.0,
      0.0,
      0.0,
      1e-06,
      3e-06,
      8e-06,
      2e-05,
      5.4e-05,
      0.000139,
      0.000356,
      0.000901,
      0.002246,
      0.005519,
      0.013275,
      0.031315,
      0.070851,
      0.148186,
      0.269428,
      0.405873,
      0.503817,
      0.543211,
      0.539819,
      0.513697,
      0.47648,
      0.434092,
      0.389412,
      0.344383,
      0.299817,
      0.257056,
      0.217051,
      0.180553,
      0.148217,
      0.119937,
      0.095871,
      0.075797,
      0.059347,
      0.046138,
      0.035563,
      0.027242,
      0.020759,
      0.015772,
      0.011921,
      0.008982,
      0.006751,
      0.005062,
      0.003794,
      0.002836,
      0.002116
    ]
  },
  "Norway/7856/2025": {
    "frequencies": [
      0.0,
      0.0,
      0.0,
      0.0,
      0.0,
      0.0,
      0.0,
      0.0,
      0.0,
      0.0,
      1e-06,
      2e-06,
      7e-06,
      1.9e-05,
      5.4e-05,
      0.000153,
      0.000425,
      0.00116,
      0.003101,
      0.008135,
      0.020467,
      0.047599,
      0.09618,
      0.161111,
      0.222383,
      0.266618,
      0.29462,
      0.311582,
      0.321368,
      0.325561,
      0.324753,
      0.319181,
      0.30899,
      0.294584,
      0.27659,
      0.255841,
      0.233409,
      0.210022,
      0.186678,
      0.164114,
      0.142885,
      0.123452,
      0.10581,
      0.090129,
      0.07637,
      0.064483,
      0.054197,
      0.04541,
      0.037948,
      0.031642,
      0.02636,
      0.021904,
      0.018177
    ]
  },
  "Norway/8021/2025": {
    "frequencies": [
      0.0,
      0.0,
      0.0,
      0.0,
      0.0,
      0.0,
      0.0,
      0.0,
      0.0,
      0.0,
      0.0,
      0.0,
      0.0,
      1e-06,
      2e-06,
      6e-06,
      2e-05,
      6.5e-05,
      0.000206,
      0.000637,
      0.001895,
      0.005206,
      0.012418,
      0.024577,
      0.040081,
      0.056775,
      0.074124,
      0.092539,
      0.112768,
      0.134973,
      0.159073,
      0.184559,
      0.211093,
      0.237776,
      0.263771,
      0.288265,
      0.310452,
      0.330043,
      0.346602,
      0.360012,
      0.370328,
      0.377704,
      0.382483,
      0.384929,
      0.385362,
      0.384104,
      0.381426,
      0.377586,
      0.372806,
      0.367274,
      0.361184,
      0.354603,
      0.347672
    ]
  },
  "Norway/8106/2025": {
    "frequencies": [
      0.0,
      0.0,
      0.0,
      0.0,
      0.0,
      0.0,
      0.0,
      0.0,
      0.0,
      0.0,
      0.0,
      0.0,
      0.0,
      0.0,
      1e-06,
      3e-06,
      9e-06,
      3.1e-05,
      0.000103,
      0.000332,
      0.001025,
      0.002927,
      0.007249,
      0.014901,
      0.02524,
      0.037134,
      0.050355,
      0.06528,
      0.082624,
      0.102714,
      0.125731,
      0.15148,
      0.179951,
      0.210529,
      0.242567,
      0.275333,
      0.307919,
      0.339997,
      0.370849,
      0.400077,
      0.42744,
      0.452706,
      0.476144,
      0.497701,
      0.51751,
      0.535641,
      0.552456,
      0.568021,
      0.582496,
      0.596022,
      0.608662,
      0.620657,
      0.632035
    ]
  },
  "generated_by": {
    "program": "augur",
    "version": "32.0.0"
  },
  "pivots": [
    2024.8128,
    2024.832,
    2024.8511,
    2024.8702,
    2024.8893,
    2024.9085,
    2024.9276,
    2024.9467,
    2024.9658,
    2024.985,
    2025.0041,
    2025.0233,
    2025.0425,
    2025.0616,
    2025.0808,
    2025.1,
    2025.1192,
    2025.1384,
    2025.1575,
    2025.1767,
    2025.1959,
    2025.2151,
    2025.2342,
    2025.2534,
    2025.2726,
    2025.2918,
    2025.311,
    2025.3301,
    2025.3493,
    2025.3685,
    2025.3877,
    2025.4068,
    2025.426,
    2025.4452,
    2025.4644,
    2025.4836,
    2025.5027,
    2025.5219,
    2025.5411,
    2025.5603,
    2025.5795,
    2025.5986,
    2025.6178,
    2025.637,
    2025.6562,
    2025.6753,
    2025.6945,
    2025.7137,
    2025.7329,
    2025.7521,
    2025.7712,
    2025.7904,
    2025.8096
  ]
}