{
  "models": {
    "pango_lineage": {
      "rate": 8.591727539478898,
      "alphabet": [
        "XEC",
        "XEC.18",
        "XEC.2",
        "XEC.32.1",
        "XEC.38",
        "XEC.9",
        "?"
      ],
      "equilibrium_probabilities": [
        0.16321831993448227,
        0.18740601693038988,
        0.16321831993447763,
        0.15972070333168822,
        0.16321831993448455,
        0.16321831993447744
      ],
      "transition_matrix": [
        [
          0.0,
          1.1357320046826032,
          1.1529327036062937,
          1.162545787243017,
          1.4639378245490342,
          1.1529327036062877
        ],
        [
          1.1357320046826032,
          0.0,
          1.13573200468259,
          1.3014724834397253,
          1.135732004682597,
          1.135732004682588
        ],
        [
          1.1529327036062937,
          1.13573200468259,
          0.0,
          1.162545787242988,
          1.1529327036062629,
          1.4639378245488557
        ],
        [
          1.162545787243017,
          1.3014724834397253,
          1.162545787242988,
          0.0,
          1.1625457872430147,
          1.1625457872429916
        ],
        [
          1.4639378245490342,
          1.135732004682597,
          1.1529327036062629,
          1.1625457872430147,
          0.0,
          1.152932703606261
        ],
        [
          1.1529327036062877,
          1.135732004682588,
          1.4639378245488557,
          1.1625457872429916,
          1.152932703606261,
          0.0
        ]
      ]
    }
  },
  "nodes": {
    "NODE_0000003": {
      "country": "Norway",
      "pango_lineage": "XEC.18",
      "pango_lineage_confidence": {
        "XEC.18": 0.619321447351935,
        "XEC.32.1": 0.2501059668711751,
        "XEC.2": 0.032643146444229075,
        "XEC.9": 0.03264314644422468,
        "XEC": 0.03264314644421835,
        "XEC.38": 0.03264314644421793
      },
      "pango_lineage_entropy": 1.0901856111526447
    },
    "Norway/8106/2025": {
      "country": "Norway",
      "pango_lineage": "XEC.18",
      "pango_lineage_confidence": {
        "XEC.18": 1.0
      },
      "pango_lineage_entropy": -1.000088900581841e-12
    },
    "NODE_0000000": {
      "country": "Norway",
      "pango_lineage": "XEC.32.1",
      "pango_lineage_confidence": {
        "XEC.32.1": 0.5012821326044924,
        "XEC.18": 0.24080897344770627,
        "XEC.2": 0.06447722348696357,
        "XEC.9": 0.0644772234869547,
        "XEC.38": 0.06447722348694161,
        "XEC": 0.06447722348694127
      },
      "pango_lineage_entropy": 1.3960732053771656
    },
    "Norway/8021/2025": {
      "country": "Norway",
      "pango_lineage": "XEC.32.1",
      "pango_lineage_confidence": {
        "XEC.32.1": 1.0
      },
      "pango_lineage_entropy": -1.000088900581841e-12
    },
    "NODE_0000001": {
      "country": "Norway",
      "pango_lineage": "XEC.32.1",
      "pango_lineage_confidence": {
        "XEC.32.1": 0.2074384435413878,
        "XEC.2": 0.17366473496695936,
        "XEC.9": 0.173664734966942,
        "XEC.38": 0.17366473496692572,
        "XEC": 0.17366473496691762,
        "XEC.18": 0.09790261659086748
      },
      "pango_lineage_entropy": 1.7698783894207581
    },
    "NODE_0000004": {
      "country": "Norway",
      "pango_lineage": "XEC.38",
      "pango_lineage_confidence": {
        "XEC.38": 0.40733817723392596,
        "XEC": 0.40733817723391524,
        "XEC.32.1": 0.05913075433839562,
        "XEC.2": 0.049270577699269714,
        "XEC.9": 0.049270577699263116,
        "XEC.18": 0.027651735795230465
      },
      "pango_lineage_entropy": 1.294759593997103
    },
    "Norway/2192/2025": {
      "country": "Norway",
      "pango_lineage": "XEC.38",
      "pango_lineage_confidence": {
        "XEC.38": 1.0
      },
      "pango_lineage_entropy": -1.000088900581841e-12
    },
    "Norway/7856/2025": {
      "country": "Norway",
      "pango_lineage": "XEC",
      "pango_lineage_confidence": {
        "XEC": 1.0
      },
      "pango_lineage_entropy": -1.000088900581841e-12
    },
    "NODE_0000002": {
      "country": "Norway",
      "pango_lineage": "XEC.2",
      "pango_lineage_confidence": {
        "XEC.2": 0.40733817723393145,
        "XEC.9": 0.4073381772339068,
        "XEC.32.1": 0.05913075433840212,
        "XEC.38": 0.049270577699263136,
        "XEC": 0.04927057769925927,
        "XEC.18": 0.02765173579523726
      },
      "pango_lineage_entropy": 1.294759593997112
    },
    "Norway/26/2025": {
      "country": "Norway",
      "pango_lineage": "XEC.9",
      "pango_lineage_confidence": {
        "XEC.9": 1.0
      },
      "pango_lineage_entropy": -1.000088900581841e-12
    },
    "Norway/7265/2025": {
      "country": "Norway",
      "pango_lineage": "XEC.2",
      "pango_lineage_confidence": {
        "XEC.2": 0.9999999999999999
      },
      "pango_lineage_entropy": -9.99866855976916e-13
    }
  },
  "generated_by": {
    "program": "augur",
    "version": "32.0.0"
  }
}